{
  "assetsByChunkName": {
    "vendors~app-account~app-confirmation~app-order": "chunk.95a7fcf63a540a2446a9.js",
    "vendors~app-account~app-checkout": "chunk.f5c1881d40304aed8595.js",
    "admin": [
      "admin.2736f01dcc0f6876c621.js",
      "admin.2736f01dcc0f6876c621.js.map"
    ],
    "app-account": "chunk.f74d5cf8828e735117c6.js",
    "app-cart": "chunk.f1c6129b4c9e61ffe774.js",
    "app-checkout": "chunk.f132e7bc5f2d2c562c34.js",
    "app-confirmation": "chunk.c988dff2fbb641dc29c7.js",
    "checkout": [
      "checkout.ce269667a82fc23b2fd3.js",
      "checkout.ce269667a82fc23b2fd3.js.map"
    ],
    "storefront": [
      "storefront.84fa8ef9cdc4345bd144.css",
      "storefront.b0539fea665a6cd66492.js",
      "storefront.84fa8ef9cdc4345bd144.css.map",
      "storefront.b0539fea665a6cd66492.js.map"
    ],
    "vendors~app-cart": "chunk.3e62e12f1e240df4ae13.js",
    "vendors~app-checkout": "chunk.49304a1eac3ebeed6e38.js",
    "vendors~app-order": "chunk.c42ad15fe2fb351bcdb5.js"
  }
}