{
  "meta_title": "Sex Shop Curvelo Explícita",
  "meta_description": "Sex shop em Curvelo mg, produtos eróticos, excitantes, moda intima!",
  "sections": [
    {
      "type": "info-bar",
      "enabled": true
    },
    {
      "type": "banner-slider",
      "autoplay": 9000,
      "full_width": true,
      "slides": [
        {
          "start": "",
          "end": "",
          "img": "/img/uploads/dask-3.webp",
          "link": "https://explicitasexshop.com.br/vibrador-ponto-g-golfinho-dolphin-2-general-import"
        },
        {
          "start": "",
          "end": "",
          "img": "/img/uploads/5pepperblend.webp",
          "link": "https://explicitasexshop.com.br/pepper-blend"
        },
        {
          "start": "",
          "end": "",
          "img": "/img/uploads/dask-2-1-.webp",
          "link": "https://explicitasexshop.com.br/proteses-penianas"
        },
        {
          "start": "",
          "end": "",
          "img": "/img/uploads/f3fd2fc8-ea02-4adc-a741-be9a47f0a7b7___d7ce386fff73a6b7d563402f91ef1725.gif",
          "link": "https://explicitasexshop.com.br/excitante-feminino"
        }
      ]
    },
    {
      "type": "dynamic-showcase",
      "load_more": false,
      "sort": "news"
    },
    {
      "type": "banners-grid",
      "banners": [
        {
          "img": "/img/uploads/15930215902278.webp",
          "link": "https://explicitasexshop.com.br/masturbador-sem-vibro"
        },
        {
          "img": "/img/uploads/15930143255237.jpeg",
          "link": "https://explicitasexshop.com.br/moda-sensual"
        }
      ]
    },
    {
      "type": "collection-shelf",
      "shuffle": true,
      "collection_id": null,
      "sort": "views",
      "title": "",
      "headless": false,
      "limit": 20,
      "page": 1
    },
    {
      "type": "banners-grid",
      "banners": [
        {
          "img": "/img/uploads/sabonete-_ntimo.webp",
          "link": "https://explicitasexshop.com.br/sabonete-intimo"
        },
        {
          "img": "/img/uploads/g_is-comest_veis.webp",
          "link": "https://explicitasexshop.com.br/gel-para-sexo-oral"
        },
        {
          "img": "/img/uploads/baner-site-promocao-meu-primeiro-vibro.png",
          "link": "https://explicitasexshop.com.br/meu-primeiro-vibro"
        }
      ]
    },
    {
      "type": "shelfs-nav",
      "shuffle": false,
      "limit": 8,
      "page": 1,
      "collection_ids": [
        "61ec12be7963422eeeca67ed:categories:Cosméticos:/cosmeticos"
      ],
      "sort": "news",
      "shelfs_title": "Cosméticos"
    },
    {
      "type": "brands-carousel",
      "limit": 24,
      "offset": 0,
      "sort": null,
      "autoplay": 3000
    }
  ]
}